Detailed Resource Usage
Module Name,Fabric 4LUT,Fabric DFF,Interface 4LUT,Interface DFF,Single-Ended I/O,Math (18x18),PLLs and CCCs,Chip Globals,HPMS,10/100/1000 Ethernet
Primitives/Primitives,6,0,0,0,49,0,0,5,0,0
test_0/Primitives,18,17,0,0,8,0,0,4,0,0
test_0/u100/DSD138/UIN100/Primitives,12,6,0,0,0,0,0,3,0,0
test_0/u100/DSD138/UIN100/UCK0/Primitives,21,5,0,0,0,0,0,0,0,0
test_0/u100/DUT200/Primitives,5396,7369,0,0,0,0,0,1,0,0
test_0/u100/DUT200/U1/Primitives,3635,0,0,0,0,0,0,0,0,0
test_0/u100/DUT200/UM1/WideMult_0_0/Primitives,0,0,144,144,0,4,0,0,0,0
test_0/u100/DUT200/UM2/WideMult_0_0/Primitives,0,0,144,144,0,4,0,0,0,0
test_0/u100/DUT300/Primitives,807,1073,0,0,0,0,0,0,0,0
test_0/u100/DUT300/U1/Primitives,455,0,0,0,0,0,0,0,0,0
test_0/u100/DUT300/UM1/WideMult_0_0/Primitives,0,0,144,144,0,4,0,0,0,0
test_0/u100/DUT300/UM2/WideMult_0_0/Primitives,0,0,144,144,0,4,0,0,0,0
test_0/u100/DUT400/Primitives,143,162,0,0,0,0,0,0,0,0
test_0/u100/DUT400/U100/Primitives,75,0,0,0,0,0,0,0,0,0
test_0/u100/DUT401/Primitives,133,154,0,0,0,0,0,0,0,0
test_0/u100/DUT401/U100/Primitives,75,0,0,0,0,0,0,0,0,0
test_0/u100/DUT500/Primitives,1020,504,0,0,0,0,0,0,0,0
test_0/u100/DUT500/Uabs1/Primitives,47,0,0,0,0,0,0,0,0,0
test_0/u100/DUT500/Uabs2/Primitives,36,0,0,0,0,0,0,0,0,0
test_0/u100/DUT500/Um1a1/Primitives,114,0,0,0,0,0,0,0,0,0
test_0/u100/DUT500/Um2a2/Primitives,114,0,0,0,0,0,0,0,0,0
test_0/u100/DUT500/Um3a3/Primitives,188,0,0,0,0,0,0,0,0,0
test_0/u100/DUT500/Um4a4/Primitives,200,0,0,0,0,0,0,0,0,0
test_0/u100/DUT500/Um5a5/Primitives,114,0,0,0,0,0,0,0,0,0
test_0/u100/DUT501/Primitives,1019,503,0,0,0,0,0,0,0,0
test_0/u100/DUT501/Uabs1/Primitives,47,0,0,0,0,0,0,0,0,0
test_0/u100/DUT501/Uabs2/Primitives,36,0,0,0,0,0,0,0,0,0
test_0/u100/DUT501/Um1a1/Primitives,114,0,0,0,0,0,0,0,0,0
test_0/u100/DUT501/Um2a2/Primitives,114,0,0,0,0,0,0,0,0,0
test_0/u100/DUT501/Um3a3/Primitives,188,0,0,0,0,0,0,0,0,0
test_0/u100/DUT501/Um4a4/Primitives,200,0,0,0,0,0,0,0,0,0
test_0/u100/DUT501/Um5a5/Primitives,114,0,0,0,0,0,0,0,0,0
test_0/u100/Primitives,535,146,0,0,0,0,0,2,0,0
test_0/u100/UCRC/Primitives,2,7,0,0,0,0,0,0,0,0
test_0/u100/UD100/Primitives,231,104,0,0,0,0,0,0,0,0
test_0/u100/UD100/UCRC0/Primitives,3,16,0,0,0,0,0,0,0,0
test_0/u100/UD100/UCRC1/Primitives,3,16,0,0,0,0,0,0,0,0
test_0/u100/UD100/UCRC2/Primitives,3,16,0,0,0,0,0,0,0,0
test_0/u100/UD100/UCRC3/Primitives,3,16,0,0,0,0,0,0,0,0
test_0/u100/UDOP/Primitives,41,102,0,0,0,0,0,0,0,0
test_0/u100/UDSDTX/Primitives,71,69,0,0,0,0,0,0,0,0
test_0/u100/USPDIF_TX/Primitives,147,70,0,0,0,0,0,0,0,0
test_0/u100/uctrl/Primitives,98,112,0,0,0,0,0,0,0,0
test_0/u100/uctrl/ufifo/Primitives,181,221,0,0,0,0,0,0,0,0
test_0/u100/uctrl/usync100/Primitives,3,10,0,0,0,0,0,0,0,0
test_0/u100/uctrl/usync101/Primitives,3,10,0,0,0,0,0,0,0,0
test_0/u100/uctrl/usync102/Primitives,5,14,0,0,0,0,0,0,0,0
test_0/u100/uctrl/usync600/Primitives,3,10,0,0,0,0,0,0,0,0
test_0/u200/Primitives,25,18,0,0,0,0,0,0,0,0
u8_sb_0/CCC_0/Primitives,0,0,0,0,0,0,1,1,0,0
u8_sb_0/CORERESETP_0/Primitives,2,9,0,0,0,0,0,0,0,0
u8_sb_0/CoreAHBLite_0/matrix4x16/masterstage_0/Primitives,10,20,0,0,0,0,0,0,0,0
u8_sb_0/CoreAHBLite_0/matrix4x16/slavestage_16/Primitives,54,1,0,0,0,0,0,0,0,0
u8_sb_0/CoreAHBLite_0/matrix4x16/slavestage_16/slave_arbiter/Primitives,25,13,0,0,0,0,0,0,0,0
u8_sb_0/u8_sb_HPMS_0/Primitives,32,0,0,0,0,0,0,0,1,0
